master_id,expansion,cn,card_type,sub_type,name,rarity,ability,move1,move2,regulation,official_id,is_mirror,copyright
sv-p_001_SV-P,SV-P,001/SV-P,ポケモン,雷,ピカチュウ,-,,みんなでぼうけん,,G,42261,False,False
sv-p_002_SV-P,SV-P,002/SV-P,ポケモン,草,ワナイダー,-,,いとでしばる,ジェットヘッド,G,42815,False,False
sv-p_003_SV-P,SV-P,003/SV-P,ポケモン,炎,ウインディ,-,,かみくだく,ほのおのたてがみ,G,42816,False,False
sv-p_004_SV-P,SV-P,004/SV-P,ポケモン,水,ヘイラッシャ,-,,ぶちかます,ひっさつウェーブ,G,42817,False,False
sv-p_005_SV-P,SV-P,005/SV-P,ポケモン,雷,ミライドン,-,,するどいキバ,ライトニングレーザー,G,42818,False,False
sv-p_006_SV-P,SV-P,006/SV-P,ポケモン,闘,クエスパトラ,-,,オーロラゲイン,ちょうねんりき,G,42819,False,False
sv-p_007_SV-P,SV-P,007/SV-P,ポケモン,闘,コライドン,-,,ツメできりさく,ランページファング,G,42820,False,False
sv-p_008_SV-P,SV-P,008/SV-P,ポケモン,闘,パフュートン,-,,ぶつかる,レッグスタンプ,G,42821,False,False
sv-p_009_SV-P,SV-P,009/SV-P,ポケモン,闘,モトトカゲex,-,,パワーラン,フルスロットル,G,42822,False,False
sv-p_010_SV-P,SV-P,010/SV-P,トレーナーズ,グッズ,モンスターボール,-,,,,G,42901,False,False
sv-p_011_SV-P,SV-P,011/SV-P,トレーナーズ,グッズ,ポケモンいれかえ,-,,,,G,42902,False,False
sv-p_012_SV-P,SV-P,012/SV-P,トレーナーズ,サポート,ネモ,-,,,,G,42903,False,False
sv-p_013_SV-P,SV-P,013/SV-P,ポケモン,雷,ロトム,-,,ジャンクハント,でんきショック,G,43117,False,False
sv-p_014_SV-P,SV-P,014/SV-P,トレーナーズ,グッズ,クラッシュハンマー,-,,,,G,43118,False,False
sv-p_015_SV-P,SV-P,015/SV-P,トレーナーズ,グッズ,ネストボール,-,,,,G,43119,False,False
sv-p_016_SV-P,SV-P,016/SV-P,トレーナーズ,グッズ,ふしぎなアメ,-,,,,G,43120,False,False
sv-p_017_SV-P,SV-P,017/SV-P,トレーナーズ,グッズ,ポケモンいれかえ,-,,,,G,43121,False,False
sv-p_018_SV-P,SV-P,018/SV-P,トレーナーズ,ポケモンのどうぐ,学習装置,-,,,,G,43122,False,False
sv-p_019_SV-P,SV-P,019/SV-P,トレーナーズ,ポケモンのどうぐ,げんきのハチマキ,-,,,,G,43123,False,False
sv-p_020_SV-P,SV-P,020/SV-P,トレーナーズ,サポート,ジニア,-,,,,G,43124,False,False
sv-p_021_SV-P,SV-P,021/SV-P,トレーナーズ,サポート,博士の研究（オーリム博士）,-,,,,G,43125,False,False
sv-p_022_SV-P,SV-P,022/SV-P,トレーナーズ,サポート,博士の研究（フトゥー博士）,-,,,,G,43126,False,False
sv-p_023_SV-P,SV-P,023/SV-P,ポケモン,草,ミニーブ,-,,えいようそ,しるをとばす,G,42914,False,False
sv-p_024_SV-P,SV-P,024/SV-P,ポケモン,炎,ガーディ,-,,もえあがる,ほのおのツメ,G,42915,False,False
sv-p_025_SV-P,SV-P,025/SV-P,ポケモン,雷,モココ,-,,バチバチ,げきでんりゅう,G,42916,False,False
sv-p_026_SV-P,SV-P,026/SV-P,ポケモン,闘,ハカドッグ,-,,ほりだす,ホロウショット,G,42917,False,False
sv-p_027_SV-P,SV-P,027/SV-P,ポケモン,草,ガケガニex,-,はんげきバサミ,フォーリングプレス,,G,42918,False,False
sv-p_028_SV-P,SV-P,028/SV-P,ポケモン,草,ブロロン,-,,どくガス,,G,42919,False,False
sv-p_029_SV-P,SV-P,029/SV-P,トレーナーズ,サポート,コルサ,-,,,,G,42920,False,False
sv-p_030_SV-P,SV-P,030/SV-P,トレーナーズ,サポート,ペパー,-,,,,G,42921,False,False
sv-p_031_SV-P,SV-P,031/SV-P,ポケモン,闘,イーブイ,-,,なかまをよぶ,たいあたり,G,42964,False,False
sv-p_033_SV-P,SV-P,033/SV-P,ポケモン,闘,イーブイ,-,,なかまをよぶ,たいあたり,G,42965,False,False
sv-p_034_SV-P,SV-P,034/SV-P,ポケモン,闘,ルチャブル,-,フライングエントリー,つばさでうつ,,G,43127,False,False
sv-p_035_SV-P,SV-P,035/SV-P,ポケモン,雷,パモ,-,,バチッとビンタ,,G,43128,False,False
sv-p_036_SV-P,SV-P,036/SV-P,ポケモン,炎,カルボウ,-,,ヒートブラスト,,G,42952,False,False
sv-p_045_SV-P,SV-P,045/SV-P,トレーナーズ,グッズ,ふしぎなアメ,-,,,,G,43129,False,False
sv-p_046_SV-P,SV-P,046/SV-P,トレーナーズ,サポート,ネモ,-,,,,G,43130,False,False
sv-p_047_SV-P,SV-P,047/SV-P,トレーナーズ,サポート,ネモ,-,,,,G,43131,False,False
sv-p_048_SV-P,SV-P,048/SV-P,ポケモン,雷,ミライドン,-,,するどいキバ,ライトニングレーザー,G,43132,False,False
sv-p_049_SV-P,SV-P,049/SV-P,ポケモン,闘,コライドン,-,,ツメできりさく,ランページファング,G,43133,False,False
sv-p_050_SV-P,SV-P,050/SV-P,ポケモン,草,クヌギダマ,-,,ころがる,,G,43306,False,False
sv-p_051_SV-P,SV-P,051/SV-P,ポケモン,水,セゴール,-,,するどいひれ,フロストスマッシュ,G,43307,False,False
sv-p_052_SV-P,SV-P,052/SV-P,ポケモン,雷,ハラバリー,-,,でんじは,ふたこぶボルト,G,43308,False,False
sv-p_053_SV-P,SV-P,053/SV-P,ポケモン,闘,ヤバチャ,-,,さめたおちゃ,,G,43309,False,False
sv-p_054_SV-P,SV-P,054/SV-P,ポケモン,草,ドジョッチ,-,,かくれる,どろかけ,G,43310,False,False
sv-p_055_SV-P,SV-P,055/SV-P,ポケモン,草,マフィティフex,-,,ひるませる,プライドファング,G,43311,False,False
sv-p_056_SV-P,SV-P,056/SV-P,トレーナーズ,サポート,シュウメイ,-,,,,G,43312,False,False
sv-p_057_SV-P,SV-P,057/SV-P,トレーナーズ,サポート,ボタン,-,,,,G,43313,False,False
sv-p_DAR,SV-P,DAR,エネルギー,悪,基本悪エネルギー,-,,,,-,42962,False,False
sv-p_FIG,SV-P,FIG,エネルギー,闘,基本闘エネルギー,-,,,,-,42961,False,False
sv-p_FIR,SV-P,FIR,エネルギー,炎,基本炎エネルギー,-,,,,-,42957,False,False
sv-p_GRA,SV-P,GRA,エネルギー,草,基本草エネルギー,-,,,,-,42956,False,False
sv-p_LIG,SV-P,LIG,エネルギー,雷,基本雷エネルギー,-,,,,-,42959,False,False
sv-p_MET,SV-P,MET,エネルギー,鋼,基本鋼エネルギー,-,,,,-,42963,False,False
sv-p_PSY,SV-P,PSY,エネルギー,超,基本超エネルギー,-,,,,-,42960,False,False
sv-p_SV-P_42954,SV-P,SV-P,トレーナーズ,グッズ,勝利のしるし(2位),-,,,,G,42954,False,False
sv-p_SV-P_42955,SV-P,SV-P,トレーナーズ,グッズ,勝利のしるし(3位),-,,,,G,42955,False,False
sv-p_SV-P_43134,SV-P,SV-P,トレーナーズ,グッズ,勝利のしるし(優勝),-,,,,G,43134,False,False
sv-p_SV-P_43135,SV-P,SV-P,トレーナーズ,グッズ,勝利のしるし(2位),-,,,,G,43135,False,False
sv-p_SV-P_43136,SV-P,SV-P,トレーナーズ,グッズ,勝利のしるし(3位),-,,,,G,43136,False,False
sv-p_SV-P_42953,SV-P,SV-P,トレーナーズ,グッズ,勝利のしるし(優勝),-,,,,G,42953,False,False
sv-p_WAT,SV-P,WAT,エネルギー,水,基本水エネルギー,-,,,,-,42958,False,False
sv1a_001_073,SV1a,001/073,ポケモン,草,トロピウス,C,,リーフドレイン,なんごくのかぜ,G,42966,False,False
sv1a_002_073,SV1a,002/073,ポケモン,草,タマゲタケ,C,,もようでつる,たたく,G,42967,False,False
sv1a_003_073,SV1a,003/073,ポケモン,草,モロバレル,U,,あぶないほうし,,G,42968,False,False
sv1a_004_073,SV1a,004/073,ポケモン,草,ニャオハ,C,,ひざしをあつめる,タネばくだん,G,42969,False,False
sv1a_005_073,SV1a,005/073,ポケモン,草,ニャオハ,C,,ツメをたてる,,G,42970,False,False
sv1a_006_073,SV1a,006/073,ポケモン,草,ニャローテ,C,,タネばくだん,マジックウィップ,G,42971,False,False
sv1a_007_073,SV1a,007/073,ポケモン,草,マスカーニャex,RR,ブーケマジック,スクラッチネイル,,G,42972,False,False
sv1a_008_073,SV1a,008/073,ポケモン,草,マメバッタ,C,,ちょっとはねる,むしくい,G,42973,False,False
sv1a_009_073,SV1a,009/073,ポケモン,草,マメバッタ,C,,けりつける,,G,42974,False,False
sv1a_010_073,SV1a,010/073,ポケモン,草,エクスレッグ,R,,アサルトキック,スピードアタック,G,42975,False,False
sv1a_011_073,SV1a,011/073,ポケモン,炎,パルデア ケンタロス,U,,いかりのつの,ブレイズダッシュ,G,42976,False,False
sv1a_012_073,SV1a,012/073,ポケモン,炎,メラルバ,C,,ほのお,とっしん,G,42977,False,False
sv1a_013_073,SV1a,013/073,ポケモン,炎,ウルガモス,C,,ほのおをまとう,ヒートブラスト,G,42978,False,False
sv1a_014_073,SV1a,014/073,ポケモン,炎,シシコ,C,,まるやけ,ひだね,G,42979,False,False
sv1a_015_073,SV1a,015/073,ポケモン,炎,カエンジシ,U,,こがす,かけぬける,G,42980,False,False
sv1a_016_073,SV1a,016/073,ポケモン,炎,オドリドリ,R,パッションダンス,はばたく,,G,42981,False,False
sv1a_017_073,SV1a,017/073,ポケモン,炎,ホゲータ,C,,たいあたり,,G,42982,False,False
sv1a_018_073,SV1a,018/073,ポケモン,炎,ホゲータ,C,,ぼーっとする,ほのお,G,42983,False,False
sv1a_019_073,SV1a,019/073,ポケモン,炎,アチゲータ,C,,ひをはく,ハイパーボイス,G,42984,False,False
sv1a_020_073,SV1a,020/073,ポケモン,炎,ラウドボーンex,RR,,かつりょくのうた,バーニングボイス,G,42985,False,False
sv1a_021_073,SV1a,021/073,ポケモン,水,パルデア ケンタロス,U,,いかりのつの,ウォーターダイブ,G,42986,False,False
sv1a_022_073,SV1a,022/073,ポケモン,水,コイキング,C,,はねじょうず,,G,42987,False,False
sv1a_023_073,SV1a,023/073,ポケモン,水,ギャラドス,R,,リベンジストーム,あばれタックル,G,42988,False,False
sv1a_024_073,SV1a,024/073,ポケモン,水,デリバード,C,,ダブルドロー,アイスウイング,G,42989,False,False
sv1a_025_073,SV1a,025/073,ポケモン,水,ブイゼル,C,,でんこうせっか,,G,42990,False,False
sv1a_026_073,SV1a,026/073,ポケモン,水,フローゼル,U,,うずまきテール,たきのぼり,G,42991,False,False
sv1a_027_073,SV1a,027/073,ポケモン,水,クワッス,C,,ジェルかけ,,G,42992,False,False
sv1a_028_073,SV1a,028/073,ポケモン,水,クワッス,C,,とつげき,,G,42993,False,False
sv1a_029_073,SV1a,029/073,ポケモン,水,ウェルカモ,C,,みずでっぽう,スプラッシュ,G,42994,False,False
sv1a_030_073,SV1a,030/073,ポケモン,水,ウェーニバルex,RR,,エキサイトサンバ,スクリューシュート,G,42995,False,False
sv1a_031_073,SV1a,031/073,ポケモン,雷,カイデン,C,,つつく,だんけつのつばさ,G,42996,False,False
sv1a_032_073,SV1a,032/073,ポケモン,雷,カイデン,C,,ふきあらす,はばたく,G,42997,False,False
sv1a_033_073,SV1a,033/073,ポケモン,雷,タイカイデン,U,,つつく,ジェットウイング,G,42998,False,False
sv1a_034_073,SV1a,034/073,ポケモン,闘,ムウマ,C,,さいみんはどう,,G,42999,False,False
sv1a_035_073,SV1a,035/073,ポケモン,闘,ムウマージ,U,マジカルフリック,ねんどうだん,,G,43000,False,False
sv1a_036_073,SV1a,036/073,ポケモン,闘,バネブー,C,,はねる,ぶつかる,G,43001,False,False
sv1a_037_073,SV1a,037/073,ポケモン,闘,ブーピッグ,U,,パワーステップ,しねんのずつき,G,43002,False,False
sv1a_038_073,SV1a,038/073,ポケモン,超,デデンネex,RR,,テールスワップ,ワンダーショット,G,43003,False,False
sv1a_039_073,SV1a,039/073,ポケモン,闘,ヤレユータン,U,,さくしのぐんばい,ちょうねんりき,G,43004,False,False
sv1a_040_073,SV1a,040/073,ポケモン,超,カヌチャン,C,,もってくる,どつく,G,43005,False,False
sv1a_041_073,SV1a,041/073,ポケモン,超,カヌチャン,C,,ぶんまわす,,G,43006,False,False
sv1a_042_073,SV1a,042/073,ポケモン,超,ナカヌチャン,C,,なぐる,そこぢから,G,43007,False,False
sv1a_043_073,SV1a,043/073,ポケモン,超,デカヌチャン,R,そざいあつめ,スペシャルハンマー,,G,43008,False,False
sv1a_044_073,SV1a,044/073,ポケモン,草,ディグダ,C,,あなあけヘッド,,G,43009,False,False
sv1a_045_073,SV1a,045/073,ポケモン,草,ダグトリオ,U,,あなをほる,,G,43010,False,False
sv1a_046_073,SV1a,046/073,ポケモン,闘,パルデア ケンタロス,U,,いかりのつの,コンバットタックル,G,43011,False,False
sv1a_047_073,SV1a,047/073,ポケモン,闘,マクノシタ,C,,はりて,,G,43012,False,False
sv1a_048_073,SV1a,048/073,ポケモン,闘,ハリテヤマ,R,つっぱりげいこ,ロケットはりて,,G,43013,False,False
sv1a_049_073,SV1a,049/073,ポケモン,草,イワンコ,C,,いわおとし,かみつく,G,43014,False,False
sv1a_050_073,SV1a,050/073,ポケモン,草,ルガルガンex,RR,,いわおとし,スケアリーファング,G,43015,False,False
sv1a_051_073,SV1a,051/073,ポケモン,闘,タイレーツ,C,,ずつき,いっしょにとつげき,G,43016,False,False
sv1a_052_073,SV1a,052/073,ポケモン,闘,パルデア ウパー,C,,ふむ,やんちゃげり,G,43017,False,False
sv1a_053_073,SV1a,053/073,ポケモン,闘,パルデア ウパー,C,,すみかをさがす,ぶつかる,G,43018,False,False
sv1a_054_073,SV1a,054/073,ポケモン,闘,パルデア ドオーex,RR,どくのぬまち,ニードルボーン,,G,43019,False,False
sv1a_055_073,SV1a,055/073,ポケモン,草,ヤミラミ,R,,やみのひとみ,アサシンクロー,G,43020,False,False
sv1a_056_073,SV1a,056/073,ポケモン,闘,ハブネーク,U,,するどいキバ,ふりおろす,G,43021,False,False
sv1a_057_073,SV1a,057/073,ポケモン,草,モノズ,C,,おそいかかる,,G,43022,False,False
sv1a_058_073,SV1a,058/073,ポケモン,草,ジヘッド,C,,ともだちをさがす,とびだしヘッド,G,43023,False,False
sv1a_059_073,SV1a,059/073,ポケモン,草,サザンドラ,R,トライハウル,ダークカッター,,G,43024,False,False
sv1a_060_073,SV1a,060/073,ポケモン,闘,ヤトウモリ,C,,ガスでつつむ,ひっかく,G,43025,False,False
sv1a_061_073,SV1a,061/073,ポケモン,闘,エンニュート,U,,ガスでつつむ,ひっぱたく,G,43026,False,False
sv1a_062_073,SV1a,062/073,ポケモン,闘,ヤングース,C,,はねとばす,,G,43027,False,False
sv1a_063_073,SV1a,063/073,ポケモン,闘,デカグース,U,,ヘッドバング,かみくだく,G,43028,False,False
sv1a_064_073,SV1a,064/073,トレーナーズ,グッズ,スーパーエネルギー回収,U,,,,G,43029,False,False
sv1a_065_073,SV1a,065/073,トレーナーズ,グッズ,スーパーボール,U,,,,G,43030,False,False
sv1a_066_073,SV1a,066/073,トレーナーズ,サポート,キハダ,U,,,,G,43031,False,False
sv1a_067_073,SV1a,067/073,トレーナーズ,サポート,クラベル,U,,,,G,43032,False,False
sv1a_068_073,SV1a,068/073,トレーナーズ,サポート,ハヤト,U,,,,G,43033,False,False
sv1a_069_073,SV1a,069/073,トレーナーズ,サポート,ボスの指令（ゲーチス）,R,,,,G,43034,False,False
sv1a_070_073,SV1a,070/073,トレーナーズ,スタジアム,ボウルタウン,U,,,,G,43035,False,False
sv1a_071_073,SV1a,071/073,トレーナーズ,スタジアム,レッスンスタジオ,U,,,,G,43036,False,False
sv1a_072_073,SV1a,072/073,エネルギー,無,ジェットエネルギー,U,,,,G,43037,False,False
sv1a_073_073,SV1a,073/073,エネルギー,無,ルミナスエネルギー,U,,,,G,43038,False,False
sv1a_074_073,SV1a,074/073,ポケモン,草,トロピウス,AR,,リーフドレイン,なんごくのかぜ,G,43279,False,False
sv1a_075_073,SV1a,075/073,ポケモン,草,ニャオハ,AR,,ひざしをあつめる,タネばくだん,G,43280,False,False
sv1a_076_073,SV1a,076/073,ポケモン,草,ニャローテ,AR,,タネばくだん,マジックウィップ,G,43281,False,False
sv1a_077_073,SV1a,077/073,ポケモン,炎,カエンジシ,AR,,こがす,かけぬける,G,43282,False,False
sv1a_078_073,SV1a,078/073,ポケモン,炎,ホゲータ,AR,,ぼーっとする,ほのお,G,43283,False,False
sv1a_079_073,SV1a,079/073,ポケモン,炎,アチゲータ,AR,,ひをはく,ハイパーボイス,G,43284,False,False
sv1a_080_073,SV1a,080/073,ポケモン,水,コイキング,AR,,はねじょうず,,G,43285,False,False
sv1a_081_073,SV1a,081/073,ポケモン,水,クワッス,AR,,ジェルかけ,,G,43286,False,False
sv1a_082_073,SV1a,082/073,ポケモン,水,ウェルカモ,AR,,みずでっぽう,スプラッシュ,G,43287,False,False
sv1a_083_073,SV1a,083/073,ポケモン,闘,ムウマージ,AR,マジカルフリック,ねんどうだん,,G,43288,False,False
sv1a_084_073,SV1a,084/073,ポケモン,闘,パルデア ケンタロス,AR,,いかりのつの,コンバットタックル,G,43289,False,False
sv1a_085_073,SV1a,085/073,ポケモン,闘,パルデア ウパー,AR,,すみかをさがす,ぶつかる,G,43290,False,False
sv1a_086_073,SV1a,086/073,ポケモン,草,マスカーニャex,SR,ブーケマジック,スクラッチネイル,,G,43291,False,False
sv1a_087_073,SV1a,087/073,ポケモン,炎,ラウドボーンex,SR,,かつりょくのうた,バーニングボイス,G,43292,False,False
sv1a_088_073,SV1a,088/073,ポケモン,水,ウェーニバルex,SR,,エキサイトサンバ,スクリューシュート,G,43293,False,False
sv1a_089_073,SV1a,089/073,ポケモン,超,デデンネex,SR,,テールスワップ,ワンダーショット,G,43294,False,False
sv1a_090_073,SV1a,090/073,ポケモン,草,ルガルガンex,SR,,いわおとし,スケアリーファング,G,43295,False,False
sv1a_091_073,SV1a,091/073,ポケモン,闘,パルデア ドオーex,SR,どくのぬまち,ニードルボーン,,G,43296,False,False
sv1a_092_073,SV1a,092/073,トレーナーズ,サポート,キハダ,SR,,,,G,43297,False,False
sv1a_093_073,SV1a,093/073,トレーナーズ,サポート,クラベル,SR,,,,G,43298,False,False
sv1a_094_073,SV1a,094/073,トレーナーズ,サポート,ハヤト,SR,,,,G,43299,False,False
sv1a_095_073,SV1a,095/073,トレーナーズ,サポート,ボスの指令（ゲーチス）,SR,,,,G,43300,False,False
sv1a_096_073,SV1a,096/073,ポケモン,草,マスカーニャex,SAR,ブーケマジック,スクラッチネイル,,G,43301,False,False
sv1a_097_073,SV1a,097/073,ポケモン,炎,ラウドボーンex,SAR,,かつりょくのうた,バーニングボイス,G,43302,False,False
sv1a_098_073,SV1a,098/073,ポケモン,水,ウェーニバルex,SAR,,エキサイトサンバ,スクリューシュート,G,43303,False,False
sv1a_099_073,SV1a,099/073,トレーナーズ,サポート,キハダ,SAR,,,,G,43304,False,False
sv1a_100_073,SV1a,100/073,トレーナーズ,サポート,ボスの指令（ゲーチス）,SAR,,,,G,43305,False,False
sv1a_101_073,SV1a,101/073,ポケモン,草,マスカーニャex,UR,ブーケマジック,スクラッチネイル,,G,,False,False
sv1a_102_073,SV1a,102/073,ポケモン,炎,ラウドボーンex,UR,,かつりょくのうた,バーニングボイス,G,,False,False
sv1a_103_073,SV1a,103/073,ポケモン,水,ウェーニバルex,UR,,エキサイトサンバ,スクリューシュート,G,,False,False
sv1s_001_078,SV1S,001/078,ポケモン,草,サボネア,C,はんげきばり,なぐる,,G,42547,False,False
sv1s_002_078,SV1S,002/078,ポケモン,草,ノクタス,U,はんげきばり,とげショット,,G,42548,False,False
sv1s_003_078,SV1S,003/078,ポケモン,草,メェークル,C,,つるのムチ,けとばす,G,42549,False,False
sv1s_004_078,SV1S,004/078,ポケモン,草,ゴーゴート,C,,つきあげる,ソーラービーム,G,42550,False,False
sv1s_005_078,SV1S,005/078,ポケモン,草,ミニーブ,C,,たいあたり,,G,42551,False,False
sv1s_006_078,SV1S,006/078,ポケモン,草,ミニーブ,C,,えいようそ,しるをとばす,G,42552,False,False
sv1s_007_078,SV1S,007/078,ポケモン,草,オリーニョ,C,,ビンタ,オイルかけ,G,42553,False,False
sv1s_008_078,SV1S,008/078,ポケモン,草,オリーヴァ,R,まんたんオイル,ソーラービーム,,G,42554,False,False
sv1s_009_078,SV1S,009/078,ポケモン,炎,コータス,U,,ふむ,しゅうちゅうほうか,G,42555,False,False
sv1s_010_078,SV1S,010/078,ポケモン,炎,カルボウ,C,,ひのこ,,G,42556,False,False
sv1s_011_078,SV1S,011/078,ポケモン,炎,カルボウ,C,,ヒートブラスト,,G,42557,False,False
sv1s_012_078,SV1S,012/078,ポケモン,炎,グレンアルマ,R,ひおくり,フレイムキャノン,,G,42558,False,False
sv1s_013_078,SV1S,013/078,ポケモン,水,コイキング,C,,はねとぶ,,G,42559,False,False
sv1s_014_078,SV1S,014/078,ポケモン,水,ギャラドスex,RR,,たきのぼり,タイラントテール,G,42560,False,False
sv1s_015_078,SV1S,015/078,ポケモン,水,ブイゼル,C,,みずかけ,ひれカッター,G,42561,False,False
sv1s_016_078,SV1S,016/078,ポケモン,水,フローゼル,U,,ハイドロポンプ,,G,42562,False,False
sv1s_017_078,SV1S,017/078,ポケモン,水,ハギギシリ,C,,ビビッドチャージ,スプラッシュ,G,42563,False,False
sv1s_018_078,SV1S,018/078,ポケモン,水,ウミディグダ,C,,ひねりうち,,G,42564,False,False
sv1s_019_078,SV1S,019/078,ポケモン,水,ウミディグダ,C,,ちょっとほる,ぶつかる,G,42565,False,False
sv1s_020_078,SV1S,020/078,ポケモン,水,ウミトリオ,U,,ずつき,うみほりトンネル,G,42566,False,False
sv1s_021_078,SV1S,021/078,ポケモン,水,ヘイラッシャ,R,,いかりちらす,ヘビースプラッシュ,G,42567,False,False
sv1s_022_078,SV1S,022/078,ポケモン,水,シャリタツ,U,,したじゅんび,そりかえる,G,42568,False,False
sv1s_023_078,SV1S,023/078,ポケモン,雷,カイデン,C,,もってくる,かっくう,G,42569,False,False
sv1s_024_078,SV1S,024/078,ポケモン,雷,カイデン,C,,バチバチ,,G,42570,False,False
sv1s_025_078,SV1S,025/078,ポケモン,雷,タイカイデン,U,,ちょくげきひこう,サンダーブラスト,G,42571,False,False
sv1s_026_078,SV1S,026/078,ポケモン,闘,ラルトス,C,,サイコショット,,G,42572,False,False
sv1s_027_078,SV1S,027/078,ポケモン,闘,キルリア,C,,マジカルショット,サイコキネシス,G,42573,False,False
sv1s_028_078,SV1S,028/078,ポケモン,闘,サーナイトex,RR,サイコエンブレイス,ミラクルフォース,,G,42574,False,False
sv1s_029_078,SV1S,029/078,ポケモン,闘,フワンテ,C,,かぜおこし,バルーンボム,G,42575,False,False
sv1s_030_078,SV1S,030/078,ポケモン,闘,フワライド,U,,かぜおこし,のろいをばらまく,G,42576,False,False
sv1s_031_078,SV1S,031/078,ポケモン,超,デデンネ,C,,エネかじり,,G,42577,False,False
sv1s_032_078,SV1S,032/078,ポケモン,超,パピモッチ,C,,うしろげり,,G,42578,False,False
sv1s_033_078,SV1S,033/078,ポケモン,超,パピモッチ,C,,もちもち,はねまわる,G,42579,False,False
sv1s_034_078,SV1S,034/078,ポケモン,炎,バウッツェル,U,こんがりボディ,とびだしヘッド,,G,42580,False,False
sv1s_035_078,SV1S,035/078,ポケモン,闘,ヒラヒナ,C,,かいてんアタック,,G,42581,False,False
sv1s_036_078,SV1S,036/078,ポケモン,闘,ヒラヒナ,C,,チョロダッシュ,,G,42582,False,False
sv1s_037_078,SV1S,037/078,ポケモン,闘,クエスパトラ,U,,がんりき,サイコキネシス,G,42583,False,False
sv1s_038_078,SV1S,038/078,ポケモン,闘,アサナン,C,,フェイント,,G,42584,False,False
sv1s_039_078,SV1S,039/078,ポケモン,闘,チャーレム,U,,ツボをねらう,いっぱつげり,G,42585,False,False
sv1s_040_078,SV1S,040/078,ポケモン,闘,リオル,C,,パンチ,とつげき,G,42586,False,False
sv1s_041_078,SV1S,041/078,ポケモン,闘,ルカリオ,U,,アベンジナックル,かそくづき,G,42587,False,False
sv1s_042_078,SV1S,042/078,ポケモン,草,メグロコ,C,,かじる,ぶつかる,G,42588,False,False
sv1s_043_078,SV1S,043/078,ポケモン,草,ワルビル,C,,しっぺがえし,どつく,G,42589,False,False
sv1s_044_078,SV1S,044/078,ポケモン,草,ワルビアル,U,,ガブガブバイト,じしん,G,42590,False,False
sv1s_045_078,SV1S,045/078,ポケモン,闘,ルチャブル,R,フライングエントリー,つばさでうつ,,G,42591,False,False
sv1s_046_078,SV1S,046/078,ポケモン,草,スナヘビ,C,,どろかけ,,G,42592,False,False
sv1s_047_078,SV1S,047/078,ポケモン,草,サダイジャ,U,,ロケットずつき,さじんふんしゃ,G,42593,False,False
sv1s_048_078,SV1S,048/078,ポケモン,草,ガケガニ,R,,はさむ,アドレナハンマー,G,42594,False,False
sv1s_049_078,SV1S,049/078,ポケモン,闘,イダイナキバex,RR,,がんばんくずし,ギガントタスク,G,42595,False,False
sv1s_050_078,SV1S,050/078,ポケモン,闘,コライドンex,RR,ディノクライ,ワイルドインパクト,,G,42596,False,False
sv1s_051_078,SV1S,051/078,ポケモン,闘,ベトベター,C,,どくのいき,,G,42597,False,False
sv1s_052_078,SV1S,052/078,ポケモン,闘,ベトベトン,U,どくぶくろ,ポイズンアタック,,G,42598,False,False
sv1s_053_078,SV1S,053/078,ポケモン,闘,ハブネーク,C,,どくえき,ベノムショック,G,42599,False,False
sv1s_054_078,SV1S,054/078,ポケモン,闘,グレッグル,C,,たたく,はりたおす,G,42600,False,False
sv1s_055_078,SV1S,055/078,ポケモン,闘,ドクロッグex,RR,,わるだくみ,どくどくリッパー,G,42601,False,False
sv1s_056_078,SV1S,056/078,ポケモン,草,コマタナ,C,,ひっかく,つきさす,G,42602,False,False
sv1s_057_078,SV1S,057/078,ポケモン,草,キリキザン,C,,ダークカッター,もろはぎり,G,42603,False,False
sv1s_058_078,SV1S,058/078,ポケモン,草,ドドゲザン,R,とうそつりょく,ぶったぎり,,G,42604,False,False
sv1s_059_078,SV1S,059/078,ポケモン,草,ブロロン,C,,どくガス,,G,42605,False,False
sv1s_060_078,SV1S,060/078,ポケモン,草,ブロロン,C,,ぶちかます,,G,42606,False,False
sv1s_061_078,SV1S,061/078,ポケモン,草,ブロロローム,R,ランブルエンジン,はねとばす,,G,42607,False,False
sv1s_062_078,SV1S,062/078,ポケモン,闘,ザングース,U,,ひきずりだす,スラッシュクロー,G,42608,False,False
sv1s_063_078,SV1S,063/078,ポケモン,雷,ムックル,C,,はばたく,,G,42609,False,False
sv1s_064_078,SV1S,064/078,ポケモン,雷,ムクバード,C,,つばさでうつ,スピードひこう,G,42610,False,False
sv1s_065_078,SV1S,065/078,ポケモン,雷,ムクホーク,U,,きりもみアウェイ,パワーブラスト,G,42611,False,False
sv1s_066_078,SV1S,066/078,ポケモン,闘,グルトン,C,,てきよけスメル,ふむ,G,42612,False,False
sv1s_067_078,SV1S,067/078,ポケモン,闘,グルトン,C,,きまぐれタックル,,G,42613,False,False
sv1s_068_078,SV1S,068/078,ポケモン,闘,パフュートンex,RR,,きょうらんのかおり,ヘビースタンプ,G,42614,False,False
sv1s_069_078,SV1S,069/078,トレーナーズ,グッズ,ともだちてちょう,U,,,,G,42615,False,False
sv1s_070_078,SV1S,070/078,トレーナーズ,グッズ,ネストボール,U,,,,G,42616,False,False
sv1s_071_078,SV1S,071/078,トレーナーズ,ポケモンのどうぐ,岩のむねあて,U,,,,G,42617,False,False
sv1s_072_078,SV1S,072/078,トレーナーズ,ポケモンのどうぐ,学習装置,U,,,,G,42618,False,False
sv1s_073_078,SV1S,073/078,トレーナーズ,ポケモンのどうぐ,まけんきハチマキ,U,,,,G,42619,False,False
sv1s_074_078,SV1S,074/078,トレーナーズ,サポート,ジニア,U,,,,G,42620,False,False
sv1s_075_078,SV1S,075/078,トレーナーズ,サポート,スター団のしたっぱ,U,,,,G,42621,False,False
sv1s_076_078,SV1S,076/078,トレーナーズ,サポート,博士の研究（オーリム博士）,R,,,,G,42622,False,False
sv1s_077_078,SV1S,077/078,トレーナーズ,サポート,ボタン,U,,,,G,42623,False,False
sv1s_078_078,SV1S,078/078,トレーナーズ,スタジアム,ビーチコート,U,,,,G,42624,False,False
sv1s_079_078,SV1S,079/078,ポケモン,草,オリーニョ,AR,,ビンタ,オイルかけ,G,43039,False,False
sv1s_080_078,SV1S,080/078,ポケモン,炎,グレンアルマ,AR,ひおくり,フレイムキャノン,,G,43040,False,False
sv1s_081_078,SV1S,081/078,ポケモン,水,ウミディグダ,AR,,ひねりうち,,G,43041,False,False
sv1s_082_078,SV1S,082/078,ポケモン,水,ヘイラッシャ,AR,,いかりちらす,ヘビースプラッシュ,G,43042,False,False
sv1s_083_078,SV1S,083/078,ポケモン,闘,ラルトス,AR,,サイコショット,,G,43043,False,False
sv1s_084_078,SV1S,084/078,ポケモン,闘,キルリア,AR,,マジカルショット,サイコキネシス,G,43044,False,False
sv1s_085_078,SV1S,085/078,ポケモン,超,パピモッチ,AR,,もちもち,はねまわる,G,43045,False,False
sv1s_086_078,SV1S,086/078,ポケモン,闘,リオル,AR,,パンチ,とつげき,G,43046,False,False
sv1s_087_078,SV1S,087/078,ポケモン,草,メグロコ,AR,,かじる,ぶつかる,G,43047,False,False
sv1s_088_078,SV1S,088/078,ポケモン,草,ガケガニ,AR,,はさむ,アドレナハンマー,G,43048,False,False
sv1s_089_078,SV1S,089/078,ポケモン,草,ドドゲザン,AR,とうそつりょく,ぶったぎり,,G,43049,False,False
sv1s_090_078,SV1S,090/078,ポケモン,雷,ムックル,AR,,はばたく,,G,43050,False,False
sv1s_091_078,SV1S,091/078,ポケモン,水,ギャラドスex,SR,,たきのぼり,タイラントテール,G,43051,False,False
sv1s_092_078,SV1S,092/078,ポケモン,闘,サーナイトex,SR,サイコエンブレイス,ミラクルフォース,,G,43052,False,False
sv1s_093_078,SV1S,093/078,ポケモン,闘,イダイナキバex,SR,,がんばんくずし,ギガントタスク,G,43053,False,False
sv1s_094_078,SV1S,094/078,ポケモン,闘,コライドンex,SR,ディノクライ,ワイルドインパクト,,G,43054,False,False
sv1s_095_078,SV1S,095/078,ポケモン,闘,ドクロッグex,SR,,わるだくみ,どくどくリッパー,G,43055,False,False
sv1s_096_078,SV1S,096/078,ポケモン,闘,パフュートンex,SR,,きょうらんのかおり,ヘビースタンプ,G,43056,False,False
sv1s_097_078,SV1S,097/078,トレーナーズ,サポート,ジニア,SR,,,,G,43057,False,False
sv1s_098_078,SV1S,098/078,トレーナーズ,サポート,スター団のしたっぱ,SR,,,,G,43058,False,False
sv1s_099_078,SV1S,099/078,トレーナーズ,サポート,博士の研究（オーリム博士）,SR,,,,G,43059,False,False
sv1s_100_078,SV1S,100/078,トレーナーズ,サポート,ボタン,SR,,,,G,43060,False,False
sv1s_101_078,SV1S,101/078,ポケモン,闘,サーナイトex,SAR,サイコエンブレイス,ミラクルフォース,,G,43061,False,False
sv1s_102_078,SV1S,102/078,ポケモン,闘,イダイナキバex,SAR,,がんばんくずし,ギガントタスク,G,43062,False,False
sv1s_103_078,SV1S,103/078,ポケモン,闘,コライドンex,SAR,ディノクライ,ワイルドインパクト,,G,43063,False,False
sv1s_104_078,SV1S,104/078,トレーナーズ,サポート,ジニア,SAR,,,,G,43064,False,False
sv1s_105_078,SV1S,105/078,トレーナーズ,サポート,ボタン,SAR,,,,G,43065,False,False
sv1s_106_078,SV1S,106/078,ポケモン,闘,コライドンex,UR,ディノクライ,ワイルドインパクト,,G,,False,False
sv1s_107_078,SV1S,107/078,トレーナーズ,グッズ,ネストボール,UR,,,,G,,False,False
sv1s_108_078,SV1S,108/078,エネルギー,闘,基本闘エネルギー,UR,,,,-,,False,False
sv1v_001_078,SV1V,001/078,ポケモン,草,クヌギダマ,C,,ガードプレス,,G,42625,False,False
sv1v_002_078,SV1V,002/078,ポケモン,草,ヘラクロス,U,,かいりきなげ,つのでつく,G,42626,False,False
sv1v_003_078,SV1V,003/078,ポケモン,草,コフキムシ,C,てきおうしんか,たいあたり,,G,42627,False,False
sv1v_004_078,SV1V,004/078,ポケモン,草,コフーライ,C,てきおうしんか,むしくい,,G,42628,False,False
sv1v_005_078,SV1V,005/078,ポケモン,草,ビビヨン,U,,ミラクルパウダー,むしのさざめき,G,42629,False,False
sv1v_006_078,SV1V,006/078,ポケモン,草,タマンチュラ,C,,いとをはく,,G,42630,False,False
sv1v_007_078,SV1V,007/078,ポケモン,草,タマンチュラ,C,,ふいをつく,,G,42631,False,False
sv1v_008_078,SV1V,008/078,ポケモン,草,ワナイダーex,RR,トラップテリトリー,ワイヤーハング,,G,42632,False,False
sv1v_009_078,SV1V,009/078,ポケモン,草,ノノクラゲ,C,,みだれげり,,G,42633,False,False
sv1v_010_078,SV1V,010/078,ポケモン,草,ノノクラゲ,C,,キノコのほうし,ぶつかる,G,42634,False,False
sv1v_011_078,SV1V,011/078,ポケモン,草,リククラゲ,U,,ぶきみなしょくしゅ,トリプルスマッシュ,G,42635,False,False
sv1v_012_078,SV1V,012/078,ポケモン,草,カプサイジ,C,,ピリから,,G,42636,False,False
sv1v_013_078,SV1V,013/078,ポケモン,草,カプサイジ,C,,からくなる,やんちゃげり,G,42637,False,False
sv1v_014_078,SV1V,014/078,ポケモン,草,スコヴィラン,U,,ホットバイト,げきからヒーハー,G,42638,False,False
sv1v_015_078,SV1V,015/078,ポケモン,炎,ガーディ,C,,もえあがる,ほのおのツメ,G,42639,False,False
sv1v_016_078,SV1V,016/078,ポケモン,炎,ウインディex,RR,,いかりのツメ,ぐれんのほのお,G,42640,False,False
sv1v_017_078,SV1V,017/078,ポケモン,炎,デルビル,C,,かみつく,ほのお,G,42641,False,False
sv1v_018_078,SV1V,018/078,ポケモン,炎,ヘルガー,C,,するどいキバ,だいもんじ,G,42642,False,False
sv1v_019_078,SV1V,019/078,ポケモン,水,ヤドン,C,,ねむる,ずつき,G,42643,False,False
sv1v_020_078,SV1V,020/078,ポケモン,水,ヤドラン,R,へんなこうどう,バブルドレイン,,G,42644,False,False
sv1v_021_078,SV1V,021/078,ポケモン,水,ウデッポウ,C,,はさむ,,G,42645,False,False
sv1v_022_078,SV1V,022/078,ポケモン,水,ブロスター,C,,みずでっぽう,アクアキャノン,G,42646,False,False
sv1v_023_078,SV1V,023/078,ポケモン,水,アルクジラ,C,,たいあたり,,G,42647,False,False
sv1v_024_078,SV1V,024/078,ポケモン,水,アルクジラ,C,,つらら,するどいひれ,G,42648,False,False
sv1v_025_078,SV1V,025/078,ポケモン,水,ハルクジラ,U,,ぶちかます,スイーピングタックル,G,42649,False,False
sv1v_026_078,SV1V,026/078,ポケモン,雷,コイル,C,,はんぱつ,エレキボール,G,42650,False,False
sv1v_027_078,SV1V,027/078,ポケモン,雷,レアコイル,C,,ピッカリだま,だいばくはつ,G,42651,False,False
sv1v_028_078,SV1V,028/078,ポケモン,雷,ジバコイルex,RR,,エナジークラッシュ,パルスランチャー,G,42652,False,False
sv1v_029_078,SV1V,029/078,ポケモン,雷,パチリス,U,でんきぶくろ,みんなでほうでん,,G,42653,False,False
sv1v_030_078,SV1V,030/078,ポケモン,雷,ロトム,C,,ジャンクハント,でんきショック,G,42654,False,False
sv1v_031_078,SV1V,031/078,ポケモン,雷,エレズン,C,,かじる,,G,42655,False,False
sv1v_032_078,SV1V,032/078,ポケモン,雷,ストリンダー,U,,むしりとる,かみなり,G,42656,False,False
sv1v_033_078,SV1V,033/078,ポケモン,雷,パモ,C,,プチショック,,G,42657,False,False
sv1v_034_078,SV1V,034/078,ポケモン,雷,パモ,C,,なぐる,エレキック,G,42658,False,False
sv1v_035_078,SV1V,035/078,ポケモン,雷,パモット,C,,でんきショック,ヘッドボルト,G,42659,False,False
sv1v_036_078,SV1V,036/078,ポケモン,雷,パーモット,R,でんきおこし,エレクトロパウ,,G,42660,False,False
sv1v_037_078,SV1V,037/078,ポケモン,雷,ミライドンex,RR,タンデムユニット,フォトンブラスター,,G,42661,False,False
sv1v_038_078,SV1V,038/078,ポケモン,闘,スリープ,C,,むりやりねかす,ひっぱたく,G,42662,False,False
sv1v_039_078,SV1V,039/078,ポケモン,闘,スリーパー,U,,ふりこであやつる,ねんどうだん,G,42663,False,False
sv1v_040_078,SV1V,040/078,ポケモン,闘,カゲボウズ,C,,かげでつつむ,,G,42664,False,False
sv1v_041_078,SV1V,041/078,ポケモン,闘,ジュペッタex,RR,,とこやみ,ポルターガイスト,G,42665,False,False
sv1v_042_078,SV1V,042/078,ポケモン,超,フラベベ,C,,かふんだま,,G,42666,False,False
sv1v_043_078,SV1V,043/078,ポケモン,超,フラエッテ,C,,マジカルリーフ,,G,42667,False,False
sv1v_044_078,SV1V,044/078,ポケモン,超,フラージェス,U,ブルームガーデン,ムーンフォース,,G,42668,False,False
sv1v_045_078,SV1V,045/078,ポケモン,超,クレッフィ,R,いたずらロック,ねらいおとす,,G,42669,False,False
sv1v_046_078,SV1V,046/078,ポケモン,闘,ボチ,C,,おはかであそぶ,,G,42670,False,False
sv1v_047_078,SV1V,047/078,ポケモン,闘,ボチ,C,,よみさんぽ,するどいキバ,G,42671,False,False
sv1v_048_078,SV1V,048/078,ポケモン,闘,ハカドッグ,R,,おはかまいり,,G,42672,False,False
sv1v_049_078,SV1V,049/078,ポケモン,闘,マンキー,C,,さるなぐり,,G,42673,False,False
sv1v_050_078,SV1V,050/078,ポケモン,闘,オコリザル,C,,あばれパンチ,,G,42674,False,False
sv1v_051_078,SV1V,051/078,ポケモン,闘,コノヨザル,R,,ふんどのこぶし,ダイナマイトパンチ,G,42675,False,False
sv1v_052_078,SV1V,052/078,ポケモン,草,ミカルゲ,U,,ちょうはつ,ほろびのせんこく,G,42676,False,False
sv1v_053_078,SV1V,053/078,ポケモン,草,オラチフ,C,,うしろげり,やみのキバ,G,42677,False,False
sv1v_054_078,SV1V,054/078,ポケモン,草,オラチフ,C,,かみくだく,,G,42678,False,False
sv1v_055_078,SV1V,055/078,ポケモン,草,マフィティフ,U,いかくのとおぼえ,ワイルドタックル,,G,42679,False,False
sv1v_056_078,SV1V,056/078,ポケモン,雷,オトシドリ,U,,ガラクタはこび,わしづかみ,G,42680,False,False
sv1v_057_078,SV1V,057/078,ポケモン,草,フォレトス,U,,れんぞくスピン,シェルローリング,G,42681,False,False
sv1v_058_078,SV1V,058/078,ポケモン,草,テツノワダチex,RR,,トリプルレーザー,サイバネホイール,G,42682,False,False
sv1v_059_078,SV1V,059/078,ポケモン,闘,ラッキー,C,,はたく,タマゴころがし,G,42683,False,False
sv1v_060_078,SV1V,060/078,ポケモン,闘,ハピナス,U,せわやきナース,ハッピーサイクロン,,G,42684,False,False
sv1v_061_078,SV1V,061/078,ポケモン,闘,ホシガリス,C,すあなにかくす,かみつく,,G,42685,False,False
sv1v_062_078,SV1V,062/078,ポケモン,闘,ヨクバリス,U,,かみつく,きょうかまえば,G,42686,False,False
sv1v_063_078,SV1V,063/078,ポケモン,闘,イエッサン,R,,そだてじょうず,さいみんはどう,G,42687,False,False
sv1v_064_078,SV1V,064/078,ポケモン,闘,ワッカネズミ,C,,かじる,,G,42688,False,False
sv1v_065_078,SV1V,065/078,ポケモン,闘,ワッカネズミ,C,,ダブルアタック,,G,42689,False,False
sv1v_066_078,SV1V,066/078,ポケモン,闘,イッカネズミ,U,,ビンタ,ファミリーアタック,G,42690,False,False
sv1v_067_078,SV1V,067/078,ポケモン,雷,イキリンコ,C,,なかまをよぶ,そらをとぶ,G,42691,False,False
sv1v_068_078,SV1V,068/078,ポケモン,闘,モトトカゲ,R,,ツーリング,スピードアタック,G,42692,False,False
sv1v_069_078,SV1V,069/078,トレーナーズ,グッズ,エレキジェネレーター,U,,,,G,42693,False,False
sv1v_070_078,SV1V,070/078,トレーナーズ,グッズ,ハイパーボール,U,,,,G,42694,False,False
sv1v_071_078,SV1V,071/078,トレーナーズ,グッズ,ピクニックバスケット,U,,,,G,42695,False,False
sv1v_072_078,SV1V,072/078,トレーナーズ,グッズ,ふしぎなアメ,U,,,,G,42696,False,False
sv1v_073_078,SV1V,073/078,トレーナーズ,ポケモンのどうぐ,ゴツゴツメット,U,,,,G,42697,False,False
sv1v_074_078,SV1V,074/078,トレーナーズ,サポート,カエデ,U,,,,G,42698,False,False
sv1v_075_078,SV1V,075/078,トレーナーズ,サポート,博士の研究（フトゥー博士）,R,,,,G,42699,False,False
sv1v_076_078,SV1V,076/078,トレーナーズ,サポート,ペパー,U,,,,G,42700,False,False
sv1v_077_078,SV1V,077/078,トレーナーズ,サポート,ミモザ,U,,,,G,42701,False,False
sv1v_078_078,SV1V,078/078,トレーナーズ,スタジアム,テーブルシティ,U,,,,G,42702,False,False
sv1v_079_078,SV1V,079/078,ポケモン,草,タマンチュラ,AR,,いとをはく,,G,43066,False,False
sv1v_080_078,SV1V,080/078,ポケモン,草,ノノクラゲ,AR,,みだれげり,,G,43067,False,False
sv1v_081_078,SV1V,081/078,ポケモン,草,スコヴィラン,AR,,ホットバイト,げきからヒーハー,G,43068,False,False
sv1v_082_078,SV1V,082/078,ポケモン,水,ヤドン,AR,,ねむる,ずつき,G,43069,False,False
sv1v_083_078,SV1V,083/078,ポケモン,水,ウデッポウ,AR,,はさむ,,G,43070,False,False
sv1v_084_078,SV1V,084/078,ポケモン,雷,パチリス,AR,でんきぶくろ,みんなでほうでん,,G,43071,False,False
sv1v_085_078,SV1V,085/078,ポケモン,雷,パーモット,AR,でんきおこし,エレクトロパウ,,G,43072,False,False
sv1v_086_078,SV1V,086/078,ポケモン,闘,スリープ,AR,,むりやりねかす,ひっぱたく,G,43073,False,False
sv1v_087_078,SV1V,087/078,ポケモン,闘,ボチ,AR,,おはかであそぶ,,G,43074,False,False
sv1v_088_078,SV1V,088/078,ポケモン,草,マフィティフ,AR,いかくのとおぼえ,ワイルドタックル,,G,43075,False,False
sv1v_089_078,SV1V,089/078,ポケモン,雷,オトシドリ,AR,,ガラクタはこび,わしづかみ,G,43076,False,False
sv1v_090_078,SV1V,090/078,ポケモン,闘,ホシガリス,AR,すあなにかくす,かみつく,,G,43077,False,False
sv1v_091_078,SV1V,091/078,ポケモン,草,ワナイダーex,SR,トラップテリトリー,ワイヤーハング,,G,43078,False,False
sv1v_092_078,SV1V,092/078,ポケモン,炎,ウインディex,SR,,いかりのツメ,ぐれんのほのお,G,43079,False,False
sv1v_093_078,SV1V,093/078,ポケモン,雷,ジバコイルex,SR,,エナジークラッシュ,パルスランチャー,G,43080,False,False
sv1v_094_078,SV1V,094/078,ポケモン,雷,ミライドンex,SR,タンデムユニット,フォトンブラスター,,G,43081,False,False
sv1v_095_078,SV1V,095/078,ポケモン,闘,ジュペッタex,SR,,とこやみ,ポルターガイスト,G,43082,False,False
sv1v_096_078,SV1V,096/078,ポケモン,草,テツノワダチex,SR,,トリプルレーザー,サイバネホイール,G,43083,False,False
sv1v_097_078,SV1V,097/078,トレーナーズ,サポート,カエデ,SR,,,,G,43084,False,False
sv1v_098_078,SV1V,098/078,トレーナーズ,サポート,博士の研究（フトゥー博士）,SR,,,,G,43085,False,False
sv1v_099_078,SV1V,099/078,トレーナーズ,サポート,ペパー,SR,,,,G,43086,False,False
sv1v_100_078,SV1V,100/078,トレーナーズ,サポート,ミモザ,SR,,,,G,43087,False,False
sv1v_101_078,SV1V,101/078,ポケモン,草,ワナイダーex,SAR,トラップテリトリー,ワイヤーハング,,G,43088,False,False
sv1v_102_078,SV1V,102/078,ポケモン,雷,ミライドンex,SAR,タンデムユニット,フォトンブラスター,,G,43089,False,False
sv1v_103_078,SV1V,103/078,ポケモン,草,テツノワダチex,SAR,,トリプルレーザー,サイバネホイール,G,43090,False,False
sv1v_104_078,SV1V,104/078,トレーナーズ,サポート,ペパー,SAR,,,,G,43091,False,False
sv1v_105_078,SV1V,105/078,トレーナーズ,サポート,ミモザ,SAR,,,,G,43092,False,False
sv1v_106_078,SV1V,106/078,ポケモン,雷,ミライドンex,UR,タンデムユニット,フォトンブラスター,,G,,False,False
sv1v_107_078,SV1V,107/078,トレーナーズ,グッズ,ふしぎなアメ,UR,,,,G,,False,False
sv1v_108_078,SV1V,108/078,エネルギー,雷,基本雷エネルギー,UR,,,,-,,False,False
sv2d_001_071,SV2D,001/071,ポケモン,草,ハネッコ,C,,はねてかわす,,G,43137,False,False
sv2d_002_071,SV2D,002/071,ポケモン,草,ポポッコ,C,ふわっとよける,はなのかぜ,,G,43138,False,False
sv2d_003_071,SV2D,003/071,ポケモン,草,ワタッコ,R,ふわっとよける,わたげのかぜ,,G,43139,False,False
sv2d_004_071,SV2D,004/071,ポケモン,草,クヌギダマ,C,,ころがる,,G,43140,False,False
sv2d_005_071,SV2D,005/071,ポケモン,草,フォレトスex,RR,ばくれつエナジー,ガードプレス,,G,43141,False,False
sv2d_006_071,SV2D,006/071,ポケモン,草,ヘラクロス,U,,たいあたり,スマッシュホーン,G,43142,False,False
sv2d_007_071,SV2D,007/071,ポケモン,草,タマンチュラ,C,,しばりつける,,G,43143,False,False
sv2d_008_071,SV2D,008/071,ポケモン,草,タマンチュラ,C,,ひっかける,,G,43144,False,False
sv2d_009_071,SV2D,009/071,ポケモン,草,ワナイダー,U,,まきこみトラップ,ぶちかます,G,43145,False,False
sv2d_010_071,SV2D,010/071,ポケモン,炎,ドンメル,C,,あついマグマ,,G,43146,False,False
sv2d_011_071,SV2D,011/071,ポケモン,炎,バクーダ,U,,ふんか,ばくねつスタンプ,G,43147,False,False
sv2d_012_071,SV2D,012/071,ポケモン,炎,ヒノヤコマ,C,,ヒートダイブ,,G,43148,False,False
sv2d_013_071,SV2D,013/071,ポケモン,炎,ファイアロー,U,,わしづかみ,れっかのかぜ,G,43149,False,False
sv2d_014_071,SV2D,014/071,ポケモン,炎,カルボウ,C,,キック,,G,43150,False,False
sv2d_015_071,SV2D,015/071,ポケモン,炎,カルボウ,C,,ひだね,マグナムパンチ,G,43151,False,False
sv2d_016_071,SV2D,016/071,ポケモン,炎,イーユイex,RR,,ねたみこがす,フレイムサージ,G,43152,False,False
sv2d_017_071,SV2D,017/071,ポケモン,雷,ピカチュウ,C,,なきごえ,ピカボルト,G,43153,False,False
sv2d_018_071,SV2D,018/071,ポケモン,雷,ライチュウ,U,,エレキチャージ,10まんボルト,G,43154,False,False
sv2d_019_071,SV2D,019/071,ポケモン,雷,コリンク,C,,けりつける,,G,43155,False,False
sv2d_020_071,SV2D,020/071,ポケモン,雷,ルクシオ,C,,エレキック,ヘッドボルト,G,43156,False,False
sv2d_021_071,SV2D,021/071,ポケモン,雷,レントラー,R,みなぎるせんこう,ワイルドボルト,,G,43157,False,False
sv2d_022_071,SV2D,022/071,ポケモン,雷,バチンウニ,U,,しびればり,ついげきバリバリ,G,43158,False,False
sv2d_023_071,SV2D,023/071,ポケモン,雷,ズピカ,C,,でんじは,,G,43159,False,False
sv2d_024_071,SV2D,024/071,ポケモン,雷,ズピカ,C,,ふむ,バチバチ,G,43160,False,False
sv2d_025_071,SV2D,025/071,ポケモン,雷,ハラバリーex,RR,,ジャンププレス,パラライズボール,G,43161,False,False
sv2d_026_071,SV2D,026/071,ポケモン,超,プリン,C,,うたう,ビンタ,G,43162,False,False
sv2d_027_071,SV2D,027/071,ポケモン,超,プクリン,R,バルーンセラピー,マジカルショット,,G,43163,False,False
sv2d_028_071,SV2D,028/071,ポケモン,闘,ミカルゲ,R,しっこくのわざわい,ぱっときえる,,G,43164,False,False
sv2d_029_071,SV2D,029/071,ポケモン,闘,スナバァ,C,,つぶやく,マッドショット,G,43165,False,False
sv2d_030_071,SV2D,030/071,ポケモン,闘,シロデスナ,U,,ホロウショット,グラウンドパワー,G,43166,False,False
sv2d_031_071,SV2D,031/071,ポケモン,闘,ソウブレイズ,R,,ライフサッカー,とうしのたいけん,G,43167,False,False
sv2d_032_071,SV2D,032/071,ポケモン,超,カヌチャン,C,,てつクズひろい,ようせいのかぜ,G,43168,False,False
sv2d_033_071,SV2D,033/071,ポケモン,超,カヌチャン,C,,くだく,,G,43169,False,False
sv2d_034_071,SV2D,034/071,ポケモン,超,ナカヌチャン,C,,じゃれつく,ふんさいプレス,G,43170,False,False
sv2d_035_071,SV2D,035/071,ポケモン,超,デカヌチャンex,RR,,ビッグハンマー,ふんさいプレス,G,43171,False,False
sv2d_036_071,SV2D,036/071,ポケモン,草,ヨーギラス,C,,にどづき,,G,43172,False,False
sv2d_037_071,SV2D,037/071,ポケモン,草,サナギラス,C,,とびだしヘッド,,G,43173,False,False
sv2d_038_071,SV2D,038/071,ポケモン,草,ドジョッチ,C,,かくれる,どろかけ,G,43174,False,False
sv2d_039_071,SV2D,039/071,ポケモン,草,ナマズン,U,,あばれてゆらす,ランドクラッシュ,G,43175,False,False
sv2d_040_071,SV2D,040/071,ポケモン,闘,グレッグル,C,,どくばり,,G,43176,False,False
sv2d_041_071,SV2D,041/071,ポケモン,闘,ドクロッグ,U,,つきさす,こぶしのトゲ,G,43177,False,False
sv2d_042_071,SV2D,042/071,ポケモン,闘,マケンカニ,C,,げんこつ,マグナムパンチ,G,43178,False,False
sv2d_043_071,SV2D,043/071,ポケモン,闘,ケケンカニ,U,,がちんこ,ナックルインパクト,G,43179,False,False
sv2d_044_071,SV2D,044/071,ポケモン,闘,ナゲツケサル,U,,アシストパス,,G,43180,False,False
sv2d_045_071,SV2D,045/071,ポケモン,草,コジオ,C,,ずつき,,G,43181,False,False
sv2d_046_071,SV2D,046/071,ポケモン,草,コジオ,C,,しおぬり,たいあたり,G,43182,False,False
sv2d_047_071,SV2D,047/071,ポケモン,草,ジオヅム,C,,しおキャノン,,G,43183,False,False
sv2d_048_071,SV2D,048/071,ポケモン,草,キョジオーン,R,めぐみのしお,ノックハンマー,,G,43184,False,False
sv2d_049_071,SV2D,049/071,ポケモン,草,ディンルーex,RR,じゅばくのだいち,ランドスクープ,,G,43185,False,False
sv2d_050_071,SV2D,050/071,ポケモン,草,ニューラ,C,,ツメをたてる,,G,43186,False,False
sv2d_051_071,SV2D,051/071,ポケモン,草,マニューラ,R,アサルトハント,スラッシュクロー,,G,43187,False,False
sv2d_052_071,SV2D,052/071,ポケモン,草,バンギラス,R,,けちらす,ドレッドマウンテン,G,43188,False,False
sv2d_053_071,SV2D,053/071,ポケモン,闘,シルシュルー,C,,きのみさがし,ひっかく,G,43189,False,False
sv2d_054_071,SV2D,054/071,ポケモン,闘,シルシュルー,C,,どくえき,,G,43190,False,False
sv2d_055_071,SV2D,055/071,ポケモン,闘,タギングル,U,,どくえき,カラフルグラフィティ,G,43191,False,False
sv2d_056_071,SV2D,056/071,ポケモン,雷,オトシドリ,U,,おとどけポケット,ダークエッジ,G,43192,False,False
sv2d_057_071,SV2D,057/071,ポケモン,竜,オンバット,C,,かぜおこし,,G,43193,False,False
sv2d_058_071,SV2D,058/071,ポケモン,竜,オンバーンex,RR,,おんみつひこう,ドミネートエコー,G,43194,False,False
sv2d_059_071,SV2D,059/071,ポケモン,闘,キリンリキ,C,,ねんりき,ヘッドバング,G,43195,False,False
sv2d_060_071,SV2D,060/071,ポケモン,闘,リキキリン,U,,どっちかフェイス,パワービーム,G,43196,False,False
sv2d_061_071,SV2D,061/071,ポケモン,雷,ヤヤコマ,C,,きゅうこうか,,G,43197,False,False
sv2d_062_071,SV2D,062/071,ポケモン,闘,ワッカネズミ,C,,もってくる,ひっぱたく,G,43198,False,False
sv2d_063_071,SV2D,063/071,ポケモン,闘,ワッカネズミ,C,,くっつく,けとばす,G,43199,False,False
sv2d_064_071,SV2D,064/071,ポケモン,闘,イッカネズミ,U,,ひっぱたく,かじりまくる,G,43200,False,False
sv2d_065_071,SV2D,065/071,ポケモン,雷,カラミンゴ,U,いっきにむれる,だんけつのつばさ,,G,43201,False,False
sv2d_066_071,SV2D,066/071,トレーナーズ,グッズ,おとどけドローン,U,,,,G,43202,False,False
sv2d_067_071,SV2D,067/071,トレーナーズ,ポケモンのどうぐ,勇気のおまもり,U,,,,G,43203,False,False
sv2d_068_071,SV2D,068/071,トレーナーズ,サポート,サワロ,U,,,,G,43204,False,False
sv2d_069_071,SV2D,069/071,トレーナーズ,サポート,ナンジャモ,U,,,,G,43205,False,False
sv2d_070_071,SV2D,070/071,トレーナーズ,スタジアム,災いの荒野,U,,,,G,43206,False,False
sv2d_071_071,SV2D,071/071,エネルギー,無,セラピーエネルギー,U,,,,G,43207,False,False
sv2d_072_071,SV2D,072/071,ポケモン,草,ヘラクロス,AR,,たいあたり,スマッシュホーン,G,,False,False
sv2d_073_071,SV2D,073/071,,,ヒノコヤマ,AR,,,,G,,False,False
sv2d_074_071,SV2D,074/071,ポケモン,雷,ライチュウ,AR,,エレキチャージ,10まんボルト,G,,False,False
sv2d_075_071,SV2D,075/071,ポケモン,闘,スナバァ,AR,,つぶやく,マッドショット,G,,False,False
sv2d_076_071,SV2D,076/071,,,	カヌチャン,AR,,,,G,,False,False
sv2d_077_071,SV2D,077/071,ポケモン,超,ナカヌチャン,AR,,じゃれつく,ふんさいプレス,G,,False,False
sv2d_078_071,SV2D,078/071,ポケモン,草,コジオ,AR,,ずつき,,G,,False,False
sv2d_079_071,SV2D,079/071,ポケモン,草,バンギラス,AR,,けちらす,ドレッドマウンテン,G,,False,False
sv2d_080_071,SV2D,080/071,ポケモン,闘,タギングル,AR,,どくえき,カラフルグラフィティ,G,,False,False
sv2d_081_071,SV2D,081/071,ポケモン,闘,イッカネズミ,AR,,ひっぱたく,かじりまくる,G,,False,False
sv2d_082_071,SV2D,082/071,ポケモン,雷,カラミンゴ,AR,いっきにむれる,だんけつのつばさ,,G,,False,False
sv2d_083_071,SV2D,083/071,ポケモン,闘,リキキリン,AR,,どっちかフェイス,パワービーム,G,,False,False
sv2d_084_071,SV2D,084/071,ポケモン,草,フォレトスex,SR,ばくれつエナジー,ガードプレス,,G,,False,False
sv2d_085_071,SV2D,085/071,ポケモン,炎,イーユイex,SR,,ねたみこがす,フレイムサージ,G,,False,False
sv2d_086_071,SV2D,086/071,ポケモン,雷,ハラバリーex,SR,,ジャンププレス,パラライズボール,G,,False,False
sv2d_087_071,SV2D,087/071,ポケモン,超,デカヌチャンex,SR,,ビッグハンマー,ふんさいプレス,G,,False,False
sv2d_088_071,SV2D,088/071,ポケモン,草,ディンルーex,SR,じゅばくのだいち,ランドスクープ,,G,,False,False
sv2d_089_071,SV2D,089/071,ポケモン,竜,オンバーンex,SR,,おんみつひこう,ドミネートエコー,G,,False,False
sv2d_090_071,SV2D,090/071,トレーナーズ,サポート,サワロ,SR,,,,G,,False,False
sv2d_091_071,SV2D,091/071,トレーナーズ,サポート,ナンジャモ,SR,,,,G,,False,False
sv2d_092_071,SV2D,092/071,ポケモン,炎,イーユイex,SAR,,ねたみこがす,フレイムサージ,G,,False,False
sv2d_093_071,SV2D,093/071,ポケモン,超,デカヌチャンex,SAR,,ビッグハンマー,ふんさいプレス,G,,False,False
sv2d_094_071,SV2D,094/071,ポケモン,草,ディンルーex,SAR,じゅばくのだいち,ランドスクープ,,G,,False,False
sv2d_095_071,SV2D,095/071,トレーナーズ,サポート,サワロ,SAR,,,,G,,False,False
sv2d_096_071,SV2D,096/071,トレーナーズ,サポート,ナンジャモ,SAR,,,,G,,False,False
sv2d_097_071,SV2D,097/071,ポケモン,草,ディンルーex,UR,じゅばくのだいち,ランドスクープ,,G,,False,False
sv2d_098_071,SV2D,098/071,,,スーパーエネルギー回収,UR,,,,G,,False,False
sv2d_099_071,SV2D,099/071,,,基本草エネルギー,UR,,,,-,,False,False
sv2p_001_071,SV2P,001/071,ポケモン,草,アメタマ,C,,とびかかる,,G,43208,False,False
sv2p_002_071,SV2P,002/071,ポケモン,草,アメモース,U,,パニックもよう,むしのさざめき,G,43209,False,False
sv2p_003_071,SV2P,003/071,ポケモン,草,ミツハニー,C,,ダブルスピン,,G,43210,False,False
sv2p_004_071,SV2P,004/071,ポケモン,草,ビークイン,U,,にどづき,しゅうげきしれい,G,43211,False,False
sv2p_005_071,SV2P,005/071,ポケモン,草,ユキカブリ,C,,どつく,,G,43212,False,False
sv2p_006_071,SV2P,006/071,ポケモン,草,ユキノオー,R,いてつくわざわい,マグナムパンチ,,G,43213,False,False
sv2p_007_071,SV2P,007/071,ポケモン,草,アマカジ,C,,ふむ,とつげき,G,43214,False,False
sv2p_008_071,SV2P,008/071,ポケモン,草,アママイコ,C,,アロマセラピー,はっぱカッター,G,43215,False,False
sv2p_009_071,SV2P,009/071,ポケモン,草,アマージョ,U,,じょおうのかかと,スピニングキック,G,43216,False,False
sv2p_010_071,SV2P,010/071,ポケモン,草,アノクサ,C,,かぜにのる,,G,43217,False,False
sv2p_011_071,SV2P,011/071,ポケモン,草,アノクサ,C,,ちょっとすいとる,,G,43218,False,False
sv2p_012_071,SV2P,012/071,ポケモン,草,アノホラグサ,U,,いのちをすいとる,かれきのろうごく,G,43219,False,False
sv2p_013_071,SV2P,013/071,ポケモン,草,シガロコ,C,,むしくい,,G,43220,False,False
sv2p_014_071,SV2P,014/071,ポケモン,草,シガロコ,C,,たまころがり,,G,43221,False,False
sv2p_015_071,SV2P,015/071,ポケモン,草,チオンジェンex,RR,,むさぼるつた,フォレストバーン,G,43222,False,False
sv2p_016_071,SV2P,016/071,ポケモン,水,マリル,C,,バブルドレイン,,G,43223,False,False
sv2p_017_071,SV2P,017/071,ポケモン,水,マリルリ,U,,バブルドレイン,たたきつける,G,43224,False,False
sv2p_018_071,SV2P,018/071,ポケモン,水,ラブカス,C,,マッチング,みずのはどう,G,43225,False,False
sv2p_019_071,SV2P,019/071,ポケモン,水,コオリッポ,U,,ずつき,アイスブロック,G,43226,False,False
sv2p_020_071,SV2P,020/071,ポケモン,水,アルクジラ,C,,ゆきなだれ,,G,43227,False,False
sv2p_021_071,SV2P,021/071,ポケモン,水,アルクジラ,C,,ねむる,すてみタックル,G,43228,False,False
sv2p_022_071,SV2P,022/071,ポケモン,水,ハルクジラ,U,,つららミサイル,スペシャルホーン,G,43229,False,False
sv2p_023_071,SV2P,023/071,ポケモン,水,ミガルーサ,R,,ぶつかる,スリムスクリュー,G,43230,False,False
sv2p_024_071,SV2P,024/071,ポケモン,水,セビエ,C,,たいあたり,,G,43231,False,False
sv2p_025_071,SV2P,025/071,ポケモン,水,セビエ,C,,ひんやり,かみつく,G,43232,False,False
sv2p_026_071,SV2P,026/071,ポケモン,水,セゴール,C,,するどいひれ,フロストスマッシュ,G,43233,False,False
sv2p_027_071,SV2P,027/071,ポケモン,水,セグレイブ,R,きょくていおん,バスターテール,,G,43234,False,False
sv2p_028_071,SV2P,028/071,ポケモン,水,パオジアンex,RR,わななくれいき,ヘイルブレード,,G,43235,False,False
sv2p_029_071,SV2P,029/071,ポケモン,闘,ヤドン,C,,しっぽづり,しねんのずつき,G,43236,False,False
sv2p_030_071,SV2P,030/071,ポケモン,闘,ヤドキングex,RR,,うんちく,ウィズダムヘッド,G,43237,False,False
sv2p_031_071,SV2P,031/071,ポケモン,闘,ゴチム,C,,はたく,ぶきみなねんぱ,G,43238,False,False
sv2p_032_071,SV2P,032/071,ポケモン,闘,ゴチミル,C,,サイコトリップ,ちょうねんりき,G,43239,False,False
sv2p_033_071,SV2P,033/071,ポケモン,闘,ゴチルゼル,U,ほしよみ,サイコアウト,,G,43240,False,False
sv2p_034_071,SV2P,034/071,ポケモン,超,ミミッキュ,R,しんぴのまもり,ゴーストアイ,,G,43241,False,False
sv2p_035_071,SV2P,035/071,ポケモン,闘,ヤバチャ,C,,さめたおちゃ,,G,43242,False,False
sv2p_036_071,SV2P,036/071,ポケモン,闘,ポットデス,U,,こっとうあつめ,おちゃをそそぐ,G,43243,False,False
sv2p_037_071,SV2P,037/071,ポケモン,闘,ベラカス,R,,さいきのいのり,サイケこうせん,G,43244,False,False
sv2p_038_071,SV2P,038/071,ポケモン,闘,マンキー,C,,けたぐり,ぶらさがる,G,43245,False,False
sv2p_039_071,SV2P,039/071,ポケモン,闘,オコリザル,C,,けたぐり,ぶんなぐる,G,43246,False,False
sv2p_040_071,SV2P,040/071,ポケモン,闘,コノヨザルex,RR,,アンガーグラッジ,ちきゅうなげ,G,43247,False,False
sv2p_041_071,SV2P,041/071,ポケモン,草,ウソッキー,U,,なぐってかくれる,ひじうち,G,43248,False,False
sv2p_042_071,SV2P,042/071,ポケモン,草,キラーメ,C,,かくせい,,G,43249,False,False
sv2p_043_071,SV2P,043/071,ポケモン,草,キラーメ,C,,いわおとし,,G,43250,False,False
sv2p_044_071,SV2P,044/071,ポケモン,草,キラフロル,R,くだけるけっしょう,どくのかべん,,G,43251,False,False
sv2p_045_071,SV2P,045/071,ポケモン,雷,ヤミカラス,C,,スピンターン,だんけつのつばさ,G,43252,False,False
sv2p_046_071,SV2P,046/071,ポケモン,雷,ドンカラス,U,,はばたく,ダーティスロー,G,43253,False,False
sv2p_047_071,SV2P,047/071,ポケモン,草,オラチフ,C,,おそいかかる,,G,43254,False,False
sv2p_048_071,SV2P,048/071,ポケモン,草,オラチフ,C,,けとばす,するどいキバ,G,43255,False,False
sv2p_049_071,SV2P,049/071,ポケモン,草,マフィティフ,U,,ほうふく,やみのキバ,G,43256,False,False
sv2p_050_071,SV2P,050/071,ポケモン,草,ドーミラー,C,,ミラードロー,スピードひこう,G,43257,False,False
sv2p_051_071,SV2P,051/071,ポケモン,草,ドータクン,U,,オラクルプレス,じんつうりき,G,43258,False,False
sv2p_052_071,SV2P,052/071,ポケモン,雷,アーマーガア,U,,アクセレート,スピニングバード,G,43259,False,False
sv2p_053_071,SV2P,053/071,ポケモン,草,ゾウドウ,C,,ふむ,,G,43260,False,False
sv2p_054_071,SV2P,054/071,ポケモン,草,ダイオウドウex,RR,ブロンズボディ,ノーズクエイク,,G,43261,False,False
sv2p_055_071,SV2P,055/071,ポケモン,草,ミミズズ,R,えいようてつぶん,つきぬける,,G,43262,False,False
sv2p_056_071,SV2P,056/071,ポケモン,闘,ノコッチ,C,,ともだちをさがす,かみつく,G,43263,False,False
sv2p_057_071,SV2P,057/071,ポケモン,闘,ノココッチ,U,,どろかけ,ほりにげフラッシュ,G,43264,False,False
sv2p_058_071,SV2P,058/071,ポケモン,雷,キャモメ,C,,かぜおこし,,G,43265,False,False
sv2p_059_071,SV2P,059/071,ポケモン,雷,ペリッパー,U,かぜのたより,つばさでうつ,,G,43266,False,False
sv2p_060_071,SV2P,060/071,ポケモン,闘,ナマケロ,C,,あくび,,G,43267,False,False
sv2p_061_071,SV2P,061/071,ポケモン,闘,ヤルキモノ,C,,がちんこ,するどいツメ,G,43268,False,False
sv2p_062_071,SV2P,062/071,ポケモン,闘,ケッキング,R,にどね,ぐうたらヘッドバット,,G,43269,False,False
sv2p_063_071,SV2P,063/071,ポケモン,雷,ココガラ,C,,つきかえす,,G,43270,False,False
sv2p_064_071,SV2P,064/071,ポケモン,雷,アオガラス,C,,かっくう,わしづかみ,G,43271,False,False
sv2p_065_071,SV2P,065/071,ポケモン,雷,イキリンコex,RR,イキリテイク,きあいをいれる,,G,43272,False,False
sv2p_066_071,SV2P,066/071,トレーナーズ,グッズ,すごいつりざお,U,,,,G,43273,False,False
sv2p_067_071,SV2P,067/071,トレーナーズ,グッズ,ファイトオレ,U,,,,G,43274,False,False
sv2p_068_071,SV2P,068/071,トレーナーズ,サポート,グルーシャ,U,,,,G,43275,False,False
sv2p_069_071,SV2P,069/071,トレーナーズ,サポート,ピーニャ,U,,,,G,43276,False,False
sv2p_070_071,SV2P,070/071,トレーナーズ,スタジアム,災いの雪山,U,,,,G,43277,False,False
sv2p_071_071,SV2P,071/071,エネルギー,無,リバーサルエネルギー,U,,,,G,43278,False,False
sv2p_072_071,SV2P,072/071,ポケモン,草,アノクサ,AR,,かぜにのる,,G,,False,False
sv2p_073_071,SV2P,073/071,ポケモン,水,マリル,AR,,バブルドレイン,,G,,False,False
sv2p_074_071,SV2P,074/071,ポケモン,水,コオリッポ,AR,,ずつき,アイスブロック,G,,False,False
sv2p_075_071,SV2P,075/071,ポケモン,水,セビエ,AR,,たいあたり,,G,,False,False
sv2p_076_071,SV2P,076/071,ポケモン,水,セゴール,AR,,するどいひれ,フロストスマッシュ,G,,False,False
sv2p_077_071,SV2P,077/071,ポケモン,水,セグレイブ,AR,きょくていおん,バスターテール,,G,,False,False
sv2p_078_071,SV2P,078/071,ポケモン,闘,ゴチミル,AR,,サイコトリップ,ちょうねんりき,G,,False,False
sv2p_079_071,SV2P,079/071,ポケモン,闘,ベラカス,AR,,さいきのいのり,サイケこうせん,G,,False,False
sv2p_080_071,SV2P,080/071,ポケモン,草,ウソッキー,AR,,なぐってかくれる,ひじうち,G,,False,False
sv2p_081_071,SV2P,081/071,ポケモン,草,ミミズズ,AR,えいようてつぶん,つきぬける,,G,,False,False
sv2p_082_071,SV2P,082/071,ポケモン,雷,ココガラ,AR,,つきかえす,,G,,False,False
sv2p_083_071,SV2P,083/071,ポケモン,闘,ノココッチ,AR,,どろかけ,ほりにげフラッシュ,G,,False,False
sv2p_084_071,SV2P,084/071,ポケモン,草,チオンジェンex,SR,,むさぼるつた,フォレストバーン,G,,False,False
sv2p_085_071,SV2P,085/071,ポケモン,水,パオジアンex,SR,わななくれいき,ヘイルブレード,,G,,False,False
sv2p_086_071,SV2P,086/071,ポケモン,闘,ヤドキングex,SR,,うんちく,ウィズダムヘッド,G,,False,False
sv2p_087_071,SV2P,087/071,ポケモン,闘,コノヨザルex,SR,,アンガーグラッジ,ちきゅうなげ,G,,False,False
sv2p_088_071,SV2P,088/071,ポケモン,草,ダイオウドウex,SR,ブロンズボディ,ノーズクエイク,,G,,False,False
sv2p_089_071,SV2P,089/071,ポケモン,雷,イキリンコex,SR,イキリテイク,きあいをいれる,,G,,False,False
sv2p_090_071,SV2P,090/071,トレーナーズ,サポート,グルーシャ,SR,,,,G,,False,False
sv2p_091_071,SV2P,091/071,トレーナーズ,サポート,ピーニャ,SR,,,,G,,False,False
sv2p_092_071,SV2P,092/071,ポケモン,草,チオンジェンex,SAR,,むさぼるつた,フォレストバーン,G,,False,False
sv2p_093_071,SV2P,093/071,ポケモン,水,パオジアンex,SAR,わななくれいき,ヘイルブレード,,G,,False,False
sv2p_094_071,SV2P,094/071,ポケモン,雷,イキリンコex,SAR,イキリテイク,きあいをいれる,,G,,False,False
sv2p_095_071,SV2P,095/071,トレーナーズ,サポート,グルーシャ,SAR,,,,G,,False,False
sv2p_096_071,SV2P,096/071,トレーナーズ,サポート,ピーニャ,SAR,,,,G,,False,False
sv2p_097_071,SV2P,097/071,ポケモン,水,パオジアンex,UR,わななくれいき,ヘイルブレード,,G,,False,False
sv2p_098_071,SV2P,098/071,トレーナーズ,グッズ,すごいつりざお,UR,,,,G,,False,False
sv2p_099_071,SV2P,099/071,,,基本水エネルギー,UR,,,,-,,False,False
sval_001_021,SVAL,001/021,ポケモン,炎,ガーディ,-,,れんぞくファイヤー,,G,42729,False,False
sval_002_021,SVAL,002/021,ポケモン,炎,ホゲータ,-,,かじる,かえん,G,42730,False,False
sval_002_021_m,SVAL,002/021,ポケモン,炎,ホゲータ,-,,かじる,かえん,G,42750,True,False
sval_003_021,SVAL,003/021,ポケモン,炎,アチゲータ,-,,かみつく,ころがりタックル,G,42731,False,False
sval_003_021_m,SVAL,003/021,ポケモン,炎,アチゲータ,-,,かみつく,ころがりタックル,G,42751,True,False
sval_004_021,SVAL,004/021,ポケモン,炎,ラウドボーン,-,,ねっしょう,ブレイズシャウト,G,42732,False,False
sval_004_021_m,SVAL,004/021,ポケモン,炎,ラウドボーン,-,,ねっしょう,ブレイズシャウト,G,42752,True,False
sval_005_021,SVAL,005/021,ポケモン,雷,メリープ,-,,バチバチ,エレキボール,G,42733,False,False
sval_006_021,SVAL,006/021,ポケモン,雷,モココ,-,,でんきショック,エレキボール,G,42734,False,False
sval_007_021,SVAL,007/021,ポケモン,雷,デンリュウex,-,,エレキボール,ライトニングテール,G,42735,False,False
sval_008_021,SVAL,008/021,ポケモン,雷,ロトム,-,,ちょくげきだん,,G,42736,False,False
sval_009_021,SVAL,009/021,ポケモン,闘,グルトン,-,,もってくる,たいあたり,G,42737,False,False
sval_010_021,SVAL,010/021,ポケモン,雷,カラミンゴ,-,,はばたく,きゅうこうか,G,42738,False,False
sval_011_021,SVAL,011/021,トレーナーズ,グッズ,エネルギー転送,-,,,,G,42739,False,False
sval_012_021,SVAL,012/021,トレーナーズ,グッズ,ネストボール,-,,,,G,42740,False,False
sval_013_021,SVAL,013/021,トレーナーズ,グッズ,ハイパーボール,-,,,,G,42741,False,False
sval_014_021,SVAL,014/021,トレーナーズ,グッズ,ふしぎなアメ,-,,,,G,42742,False,False
sval_015_021,SVAL,015/021,トレーナーズ,グッズ,ポケギア3.0,-,,,,G,42743,False,False
sval_016_021,SVAL,016/021,トレーナーズ,グッズ,ポケモンいれかえ,-,,,,G,42744,False,False
sval_017_021,SVAL,017/021,トレーナーズ,サポート,ジニア,-,,,,G,42745,False,False
sval_018_021,SVAL,018/021,トレーナーズ,サポート,ジャッジマン,-,,,,G,42746,False,False
sval_019_021,SVAL,019/021,トレーナーズ,サポート,たんぱんこぞう,-,,,,G,42747,False,False
sval_020_021,SVAL,020/021,トレーナーズ,サポート,ネモ,-,,,,G,42748,False,False
sval_021_021,SVAL,021/021,トレーナーズ,サポート,博士の研究（フトゥー博士）,-,,,,G,42749,False,False
sval_FIR,SVAL,FIR,エネルギー,炎,基本炎エネルギー,-,,,,-,42780,False,False
sval_LIG,SVAL,LIG,エネルギー,雷,基本雷エネルギー,-,,,,-,42782,False,False
svam_001_023,SVAM,001/023,ポケモン,草,キノココ,-,,すいとる,,G,42703,False,False
svam_002_023,SVAM,002/023,ポケモン,草,キノガッサ,-,,マッハストレート,,G,42704,False,False
svam_003_023,SVAM,003/023,ポケモン,草,トロピウス,-,,もぎたてフルーツ,はっぱカッター,G,42705,False,False
svam_004_023,SVAM,004/023,ポケモン,草,ニャオハ,-,,ひっかく,このは,G,42706,False,False
svam_004_023_m,SVAM,004/023,ポケモン,草,ニャオハ,-,,ひっかく,このは,G,42726,True,False
svam_005_023,SVAM,005/023,ポケモン,草,ニャローテ,-,,きりさく,リーフステップ,G,42707,False,False
svam_005_023_m,SVAM,005/023,ポケモン,草,ニャローテ,-,,きりさく,リーフステップ,G,42727,True,False
svam_006_023,SVAM,006/023,ポケモン,草,マスカーニャ,-,,トリックマント,フラワーボム,G,42708,False,False
svam_006_023_m,SVAM,006/023,ポケモン,草,マスカーニャ,-,,トリックマント,フラワーボム,G,42728,True,False
svam_007_023,SVAM,007/023,ポケモン,草,タマンチュラ,-,,いとでひっぱる,むしくい,G,42709,False,False
svam_008_023,SVAM,008/023,ポケモン,闘,リオル,-,,ジャブ,けたぐり,G,42710,False,False
svam_009_023,SVAM,009/023,ポケモン,闘,ルカリオex,-,,ローキック,はどうだん,G,42711,False,False
svam_010_023,SVAM,010/023,ポケモン,草,イシヘンジン,-,かたいからだ,メガトンキック,,G,42712,False,False
svam_011_023,SVAM,011/023,ポケモン,闘,グルトン,-,,もってくる,たいあたり,G,42713,False,False
svam_012_023,SVAM,012/023,トレーナーズ,グッズ,エネルギーつけかえ,-,,,,G,42714,False,False
svam_013_023,SVAM,013/023,トレーナーズ,グッズ,エネルギー転送,-,,,,G,42715,False,False
svam_014_023,SVAM,014/023,トレーナーズ,グッズ,きずぐすり,-,,,,G,42716,False,False
svam_015_023,SVAM,015/023,トレーナーズ,グッズ,ネストボール,-,,,,G,42717,False,False
svam_016_023,SVAM,016/023,トレーナーズ,グッズ,ハイパーボール,-,,,,G,42718,False,False
svam_017_023,SVAM,017/023,トレーナーズ,グッズ,ポケギア3.0,-,,,,G,42719,False,False
svam_018_023,SVAM,018/023,トレーナーズ,グッズ,ポケモンいれかえ,-,,,,G,42720,False,False
svam_019_023,SVAM,019/023,トレーナーズ,グッズ,ポケモンキャッチャー,-,,,,G,42721,False,False
svam_020_023,SVAM,020/023,トレーナーズ,サポート,ジャッジマン,-,,,,G,42722,False,False
svam_021_023,SVAM,021/023,トレーナーズ,サポート,たんぱんこぞう,-,,,,G,42723,False,False
svam_022_023,SVAM,022/023,トレーナーズ,サポート,ネモ,-,,,,G,42724,False,False
svam_023_023,SVAM,023/023,トレーナーズ,サポート,博士の研究（オーリム博士）,-,,,,G,42725,False,False
svam_GRA,SVAM,GRA,エネルギー,草,基本草エネルギー,-,,,,-,42779,False,False
svam_FIG,SVAM,FIG,エネルギー,闘,基本闘エネルギー,-,,,,-,42784,False,False
svaw_001_023,SVAW,001/023,ポケモン,水,ママンボウ,-,,なみのり,アクアスラッシュ,G,42753,False,False
svaw_002_023,SVAW,002/023,ポケモン,水,クワッス,-,,はたく,キック,G,42754,False,False
svaw_002_023_m,SVAW,002/023,ポケモン,水,クワッス,-,,はたく,キック,G,42776,True,False
svaw_003_023,SVAW,003/023,ポケモン,水,ウェルカモ,-,,みずかけ,かいてんげり,G,42755,False,False
svaw_003_023_m,SVAW,003/023,ポケモン,水,ウェルカモ,-,,みずかけ,かいてんげり,G,42777,True,False
svaw_004_023,SVAW,004/023,ポケモン,水,ウェーニバル,-,エナジーカーニバル,ハイドロキック,,G,42756,False,False
svaw_004_023_m,SVAW,004/023,ポケモン,水,ウェーニバル,-,エナジーカーニバル,ハイドロキック,,G,42778,True,False
svaw_005_023,SVAW,005/023,ポケモン,超,デデンネ,-,,きずにかみつく,,G,42757,False,False
svaw_006_023,SVAW,006/023,ポケモン,超,ミミッキュex,-,,うつろがえり,エネバースト,G,42758,False,False
svaw_007_023,SVAW,007/023,ポケモン,闘,ヒラヒナ,-,,ぶつかる,,G,42759,False,False
svaw_008_023,SVAW,008/023,ポケモン,闘,ザングース,-,,きりさく,,G,42760,False,False
svaw_009_023,SVAW,009/023,ポケモン,闘,グルトン,-,,もってくる,たいあたり,G,42761,False,False
svaw_010_023,SVAW,010/023,ポケモン,闘,モトトカゲ,-,,とつげき,,G,42762,False,False
svaw_011_023,SVAW,011/023,トレーナーズ,グッズ,エネルギー回収,-,,,,G,42763,False,False
svaw_012_023,SVAW,012/023,トレーナーズ,グッズ,エネルギー転送,-,,,,G,42764,False,False
svaw_013_023,SVAW,013/023,トレーナーズ,グッズ,クラッシュハンマー,-,,,,G,42765,False,False
svaw_014_023,SVAW,014/023,トレーナーズ,グッズ,ネストボール,-,,,,G,42766,False,False
svaw_015_023,SVAW,015/023,トレーナーズ,グッズ,ハイパーボール,-,,,,G,42767,False,False
svaw_016_023,SVAW,016/023,トレーナーズ,グッズ,ポケギア3.0,-,,,,G,42768,False,False
svaw_017_023,SVAW,017/023,トレーナーズ,グッズ,ポケモンいれかえ,-,,,,G,42769,False,False
svaw_018_023,SVAW,018/023,トレーナーズ,グッズ,ポケモンキャッチャー,-,,,,G,42770,False,False
svaw_019_023,SVAW,019/023,トレーナーズ,ポケモンのどうぐ,げんきのハチマキ,-,,,,G,42771,False,False
svaw_020_023,SVAW,020/023,トレーナーズ,サポート,ジャッジマン,-,,,,G,42772,False,False
svaw_021_023,SVAW,021/023,トレーナーズ,サポート,たんぱんこぞう,-,,,,G,42773,False,False
svaw_022_023,SVAW,022/023,トレーナーズ,サポート,ネモ,-,,,,G,42774,False,False
svaw_023_023,SVAW,023/023,トレーナーズ,サポート,博士の研究（オーリム博士）,-,,,,G,42775,False,False
svaw_WAT,SVAW,WAT,エネルギー,水,基本水エネルギー,-,,,,-,42781,False,False
svaw_PSY,SVAW,PSY,エネルギー,超,基本超エネルギー,-,,,,-,42783,False,False
svb_008_028,SVB,008/028,ポケモン,水,ネオラントV,-,ルミナスサイン,アクアリターン,,F,42794,False,False
svb_009_028,SVB,009/028,ポケモン,雷,メリープ,-,,うしろげり,エレキボール,E,42795,False,False
svb_010_028,SVB,010/028,ポケモン,雷,モココ,-,エレキダイナモ,エレキボール,,E,42796,False,False
svb_011_028,SVB,011/028,ポケモン,闘,ミュウ,-,ふしぎなしっぽ,サイコショット,,E,42797,False,False
svb_001_028,SVB,001/028,トレーナーズ,グッズ,ネストボール,-,,,,G,42787,False,False
svb_002_028,SVB,002/028,トレーナーズ,グッズ,ハイパーボール,-,,,,G,42788,False,False
svb_003_028,SVB,003/028,トレーナーズ,グッズ,ふしぎなアメ,-,,,,G,42789,False,False
svb_004_028,SVB,004/028,トレーナーズ,グッズ,ポケギア3.0,-,,,,G,42790,False,False
svb_005_028,SVB,005/028,トレーナーズ,グッズ,ポケモンいれかえ,-,,,,G,42791,False,False
svb_006_028,SVB,006/028,トレーナーズ,ポケモンのどうぐ,こだわりベルト,-,,,,G,42792,False,False
svb_007_028,SVB,007/028,トレーナーズ,サポート,博士の研究（フトゥー博士）,-,,,,G,42793,False,False
svb_012_028,SVB,012/028,トレーナーズ,グッズ,ガッツのつるはし,-,,,,F,42798,False,False
svb_013_028,SVB,013/028,トレーナーズ,グッズ,霧の水晶,-,,,,E,42799,False,False
svb_014_028,SVB,014/028,トレーナーズ,グッズ,ヒスイのヘビーボール,-,,,,F,42800,False,False
svb_015_028,SVB,015/028,トレーナーズ,グッズ,レベルボール,-,,,,E,42801,False,False
svb_016_028,SVB,016/028,トレーナーズ,グッズ,ロストスイーパー,-,,,,F,42802,False,False
svb_017_028,SVB,017/028,トレーナーズ,サポート,カイ,-,,,,F,42803,False,False
svb_018_028,SVB,018/028,トレーナーズ,サポート,キバナ,-,,,,E,42804,False,False
svb_019_028,SVB,019/028,トレーナーズ,サポート,クララ,-,,,,E,42805,False,False
svb_020_028,SVB,020/028,トレーナーズ,サポート,セレナ,-,,,,F,42806,False,False
svb_021_028,SVB,021/028,トレーナーズ,サポート,ツツジ,-,,,,F,42807,False,False
svb_022_028,SVB,022/028,トレーナーズ,サポート,ナタネの活気,-,,,,F,42808,False,False
svb_023_028,SVB,023/028,トレーナーズ,サポート,ヒガナの決意,-,,,,E,42809,False,False
svb_024_028,SVB,024/028,トレーナーズ,サポート,ボスの指令（アカギ）,-,,,,F,42810,False,False
svb_025_028,SVB,025/028,トレーナーズ,サポート,モミ,-,,,,E,42811,False,False
svb_026_028,SVB,026/028,トレーナーズ,スタジアム,頂への雪道,-,,,,E,42812,False,False
svb_027_028,SVB,027/028,トレーナーズ,スタジアム,マグマの滝壺,-,,,,F,42813,False,False
svb_028_028,SVB,028/028,エネルギー,無,ダブルターボエネルギー,-,,,,F,42814,False,False
svc_001_021,SVC,001/021,ポケモン,雷,ピカチュウex,-,,ピカパンチ,ダイナミックボルト,G,43093,False,False
svc_002_021,SVC,002/021,ポケモン,雷,コイル,-,,マグネチャージ,スピードボール,G,43094,False,False
svc_003_021,SVC,003/021,ポケモン,雷,ビリリダマ,-,,ピッカリだま,ころがる,G,43095,False,False
svc_004_021,SVC,004/021,ポケモン,雷,マルマイン,-,,ピッカリだま,ころがりタックル,G,43096,False,False
svc_005_021,SVC,005/021,ポケモン,雷,コリンク,-,おおきくほえる,ぶつかる,,G,43097,False,False
svc_006_021,SVC,006/021,ポケモン,雷,バチンウニ,-,,ニードルクラッシュ,,G,43098,False,False
svc_007_021,SVC,007/021,ポケモン,雷,パモ,-,,バチバチ,,G,43099,False,False
svc_007_021_m,SVC,007/021,ポケモン,雷,パモ,-,,バチバチ,,G,43114,True,False
svc_008_021,SVC,008/021,ポケモン,雷,パモット,-,,バチバチ,エレキバレット,G,43100,False,False
svc_008_021_m,SVC,008/021,ポケモン,雷,パモット,-,,バチバチ,エレキバレット,G,43115,True,False
svc_009_021,SVC,009/021,ポケモン,雷,パーモット,-,,マッハボルト,エレキフィスト,G,43101,False,False
svc_009_021_m,SVC,009/021,ポケモン,雷,パーモット,-,,マッハボルト,エレキフィスト,G,43116,True,False
svc_010_021,SVC,010/021,ポケモン,闘,グルトン,-,,もってくる,たいあたり,G,43102,False,False
svc_011_021,SVC,011/021,トレーナーズ,グッズ,エネルギーつけかえ,-,,,,G,43103,False,False
svc_012_021,SVC,012/021,トレーナーズ,グッズ,エレキジェネレーター,-,,,,G,43104,False,False
svc_013_021,SVC,013/021,トレーナーズ,グッズ,ネストボール,-,,,,G,43105,False,False
svc_014_021,SVC,014/021,トレーナーズ,グッズ,ハイパーボール,-,,,,G,43106,False,False
svc_015_021,SVC,015/021,トレーナーズ,グッズ,ポケギア3.0,-,,,,G,43107,False,False
svc_016_021,SVC,016/021,トレーナーズ,グッズ,ポケモンいれかえ,-,,,,G,43108,False,False
svc_017_021,SVC,017/021,トレーナーズ,グッズ,ポケモンキャッチャー,-,,,,G,43109,False,False
svc_018_021,SVC,018/021,トレーナーズ,サポート,ジャッジマン,-,,,,G,43110,False,False
svc_019_021,SVC,019/021,トレーナーズ,サポート,たんぱんこぞう,-,,,,G,43111,False,False
svc_020_021,SVC,020/021,トレーナーズ,サポート,ネモ,-,,,,G,43112,False,False
svc_021_021,SVC,021/021,トレーナーズ,サポート,博士の研究（フトゥー博士）,-,,,,G,43113,False,False
svc_LIG,SVC,LIG,エネルギー,雷,基本雷エネルギー,-,,,,-,42782,False,False
